Workbook

Sheet Lisez-moi
A1: Métadonnées ENA - Korbous (Aïn Kanassira), 16S rRNA V4
A3: Comment s'en servir
A4: 1. Webin (https://www.ebi.ac.uk/ena/submit/webin) > Register Study : copier l'onglet Study.
A5: 2. Register Samples > Download spreadsheet : télécharger le modèle de la checklist GSC MIxS water (ERC000024), puis celui de GSC MIxS sediment (ERC000021).
A6: 3. Copier les valeurs des onglets Samples_water et Samples_sediment dans les colonnes de même nom du modèle (les en-têtes reprennent les noms des champs Webin).
A7: 4. Les colonnes absentes d'un modèle (sulfate, sulfide...) peuvent être ajoutées comme attributs libres, ou supprimées.
A8: 5. Déposer les FASTQ (FTP ou Webin-CLI), puis l'onglet Runs (Submit reads > read spreadsheet).
A10: Profondeurs d'eau renseignées le 26/10/2026 (MWC 4 m sous la surface ; MAWS et MBWS prélevés à 10 cm des résurgences, à 8 et 12 m de fond). La date de mise en ligne se saisit dans le Webin Portal (Register Study).
A12: Sources : date de prélèvement = 18 juin 2021 (confirmée par P.-P. Liebgott) ; protocole = manuscrit (Methods) ; chimie = Tableau 1 de l'article (onglet Chimie_Tableau1) ; coordonnées = Supplementary Methods S1 (Google Earth), converties en degrés décimaux ; MD5 calculés sur les FASTQ (MBWS : copie intacte de Korbous_RawData).
A13: Taxons ENA : 'metagenome' environnementaux (taxid entre parenthèses). Webin vérifie le couple nom/taxid à l'import.
A14: Termes d'environnement : libellés ENVO ; Webin propose la recherche des identifiants ENVO correspondants.
A15: Profondeur : mètres sous la surface du sédiment (sédiments) ; 0 pour l'eau prélevée à l'émergence de la source terrestre.

Sheet Chimie_Tableau1
A1: SampleID | B1: Temperature_C | C1: pH | D1: Chloride_gL | E1: Sodium_gL | F1: Potassium_gL | G1: Magnesium_gL | H1: Calcium_gL | I1: Sulfate_gL | J1: Sulfide_mM
A2: MWC | B2: 17 | C2: 8.16 | D2: 21.95 | E2: 11.8 | F2: 0.34 | G2: 1.2 | H2: 0.46 | I2: 2.84 | J2: ND
A3: MSed | B3: 19 | C3: 8.07 | D3: 17.83 | E3: 10.4 | F3: 0.33 | G3: 1.4 | H3: 0.43 | I3: 3.05 | J3: ND
A4: TWS | B4: 38 | C4: 7.07 | D4: 7.14 | E4: 3.79 | F4: 0.1 | G4: 0.38 | H4: 0.48 | I4: 1.04 | J4: 2.23
A5: MAWS | B5: 62 | C5: 7.27 | D5: 11.41 | E5: 6.7 | F5: 0.14 | G5: 0.53 | H5: 0.33 | I5: 1.11 | J5: 1.63
A6: MBWS | B6: 39 | C6: 7.12 | D6: 9.85 | E6: 5.41 | F6: 0.17 | G6: 0.52 | H6: 0.38 | I6: 1.03 | J6: 1.86
A7: MASed | B7: 65 | C7: 7.83 | D7: 17.11 | E7: 8.7 | F7: 0.32 | G7: 1.07 | H7: 0.35 | I7: 2.04 | J7: 0.68
A8: MA10 | B8: 69 | C8: 7.74 | D8: 14.16 | E8: 7.68 | F8: 0.22 | G8: 0.72 | H8: 0.45 | I8: 1.32 | J8: 0.98
A9: MA40 | B9: 76 | C9: 7.42 | D9: 19.21 | E9: 10.4 | F9: 0.29 | G9: 1.07 | H9: 0.39 | I9: 1.16 | J9: 1.84
A10: MBSed | B10: 43 | C10: 7.87 | D10: 18.2 | E10: 9.63 | F10: 0.28 | G10: 1.05 | H10: 0.37 | I10: 2.28 | J10: 0.43
A11: MB10 | B11: 46 | C11: 7.62 | D11: 16.1 | E11: 8.3 | F11: 0.3 | G11: 0.93 | H11: 0.41 | I11: 2.05 | J11: 1.75
A12: MB40 | B12: 51 | C12: 7.32 | D12: 19.03 | E12: 10.19 | F12: 0.3 | G12: 0.79 | H12: 0.38 | I12: 1.19 | J12: 1.89
A13: TSed1 | B13: 41 | C13: 7.73 | D13: 8.96 | E13: 4.83 | F13: 0.1 | G13: 0.38 | H13: 0.43 | I13: 1.85 | J13: 2.83
A14: TSed2 | B14: 34 | C14: 7.68 | D14: 8.34 | E14: 4.38 | F14: 0.27 | G14: 0.4 | H14: 0.41 | I14: 1.31 | J14: 3.09
A15: T10 | B15: 43 | C15: 7.85 | D15: 8.51 | E15: 4.78 | F15: 0.26 | G15: 0.33 | H15: 0.48 | I15: 1.11 | J15: 4.09
A16: T40 | B16: 43 | C16: 7.65 | D16: 9.52 | E16: 5.12 | F16: 0.29 | G16: 0.22 | H16: 0.43 | I16: 1.15 | J16: 4.87
A18: Source : Tableau 1 de l'article (g/L ; sulfure en mM ; ND = non détecté).

Sheet Study
A1: study_alias | B1: Korbous_AinKanassira_16S
A2: study_title | B2: Chemical and microbial signatures of seawater input and potential subsurface connectivity across a coastal hydrothermal land–sea interface (Korbous, Tunisia)
A3: study_abstract | B3: The thermal waters of Korbous (Cap Bon, north-eastern Tunisia) are considered to be of meteoric (rain-derived) origin, heated during circulation in a reservoir at about 2 km depth. At Aïn Kanassira, these waters emerge from a spring on land, 60 m from the shoreline, and from two submarine venting zones 80–110 m from the spring. Given this proximity, we asked whether the terrestrial and submarine discharges host related microbial communities, and whether the terrestrial spring shows signs of seawater input. We analysed major ions and 16S rRNA gene amplicons in water and sediment samples from the spring, the two venting zones and a nearby marine reference site. Microbial communities differed strongly among waters, terrestrial sediments and submarine sediments, and their composition was associated mainly with dissolved sulfide and pH. However, the water emerging on land and the two submarine waters were dominated by the same few amplicon sequence variants (ASVs), mostly affiliated with Sulfurimonas. The spring water also carried two signatures of seawater: sodium, potassium and magnesium in near-seawater proportions relative to chloride, and lineages typical of marine plankton. These results are consistent with a shared flow path between the terrestrial and submarine discharges and point to a seawater contribution to a spring thought to be fed by meteoric water. Microbial community data can thus complement hydrochemistry in detecting seawater input into coastal geothermal aquifers.

Sheet Samples_water (ERC000024)
A1: sample_alias | B1: tax_id | C1: scientific_name | D1: sample_title | E1: sample_description | F1: project name | G1: collection date | H1: geographic location (country and/or sea) | I1: geographic location (region and locality) | J1: geographic location (latitude) | K1: geographic location (longitude) | L1: depth | M1: elevation | N1: broad-scale environmental context | O1: local environmental context | P1: environmental medium | Q1: temperature | R1: pH | S1: chloride | T1: sodium | U1: potassium | V1: magnesium | W1: calcium | X1: sulfate | Y1: sulfide | Z1: sample collection device | AA1: amount or size of sample collected | AB1: sample storage temperature | AC1: sample storage duration
A2: #units | J2: DD | K2: DD | L2: m | M2: m | Q2: ºC | S2: mg/L | T2: parts/million | U2: parts/million | V2: mg/L | W2: mg/L | X2: mg/L | Y2: µmol/L | AB2: ºC
A3: MWC | B3: 1561972 | C3: seawater metagenome | D3: MWC - Coastal seawater, marine reference site | E3: Coastal seawater, marine reference site, Ain Kanassira coastal hydrothermal system (Korbous, Cap Bon), 16S rRNA gene V4 amplicon sequencing. Low-DNA sample amplified by two-step PCR; library dominated by genera commonly reported as reagent contaminants. Used as the chemical seawater reference only and excluded from community analyses in the associated article. | F3: Korbous_AinKanassira_16S | G3: 2021-06-18 | H3: Tunisia | I3: Cap Bon, Korbous, Ain Kanassira | J3: 36.840633 | K3: 10.571492 | L3: 4 | M3: 0 | N3: marine biome | O3: neritic zone | P3: sea water | Q3: =Chimie_Tableau1!B2 -> 17 | R3: =Chimie_Tableau1!C2 -> 8.16 | S3: =Chimie_Tableau1!D2*1000 -> 21950 | T3: =Chimie_Tableau1!E2*1000 -> 11800 | U3: =Chimie_Tableau1!F2*1000 -> 340 | V3: =Chimie_Tableau1!G2*1000 -> 1200 | W3: =Chimie_Tableau1!H2*1000 -> 460 | X3: =Chimie_Tableau1!I2*1000 -> 2840 | Y3: not detected | Z3: Sterile bottle, 4 m below the surface and about 6 m above the seafloor | AA3: 1.5 L filtered on 0.22 um | AB3: 4 | AC3: less than 24 h
A4: TWS | B4: 433727 | C4: hot springs metagenome | D4: TWS - Thermal water at the emergence point of the terrestrial spring (cave) | E4: Thermal water at the emergence point of the terrestrial spring (cave), Ain Kanassira coastal hydrothermal system (Korbous, Cap Bon), 16S rRNA gene V4 amplicon sequencing | F4: Korbous_AinKanassira_16S | G4: 2021-06-18 | H4: Tunisia | I4: Cap Bon, Korbous, Ain Kanassira | J4: 36.840483 | K4: 10.572539 | L4: 0 | M4: 5 | N4: terrestrial biome | O4: hot spring | P4: hydrothermal fluid | Q4: =Chimie_Tableau1!B4 -> 38 | R4: =Chimie_Tableau1!C4 -> 7.07 | S4: =Chimie_Tableau1!D4*1000 -> 7140 | T4: =Chimie_Tableau1!E4*1000 -> 3790 | U4: =Chimie_Tableau1!F4*1000 -> 100 | V4: =Chimie_Tableau1!G4*1000 -> 380 | W4: =Chimie_Tableau1!H4*1000 -> 480 | X4: =Chimie_Tableau1!I4*1000 -> 1040 | Y4: =Chimie_Tableau1!J4*1000 -> 2230 | Z4: Sterile bottle at the emergence point inside the cave | AA4: 1.5 L filtered on 0.22 um | AB4: 4 | AC4: less than 24 h
A5: MAWS | B5: 652676 | C5: hydrothermal vent metagenome | D5: MAWS - Hydrothermal fluid discharged at submarine venting zone A | E5: Hydrothermal fluid discharged at submarine venting zone A, Ain Kanassira coastal hydrothermal system (Korbous, Cap Bon), 16S rRNA gene V4 amplicon sequencing | F5: Korbous_AinKanassira_16S | G5: 2021-06-18 | H5: Tunisia | I5: Cap Bon, Korbous, Ain Kanassira | J5: 36.840611 | K5: 10.571669 | L5: 8 | M5: 0 | N5: marine biome | O5: hydrothermal vent | P5: hydrothermal fluid | Q5: =Chimie_Tableau1!B5 -> 62 | R5: =Chimie_Tableau1!C5 -> 7.27 | S5: =Chimie_Tableau1!D5*1000 -> 11410 | T5: =Chimie_Tableau1!E5*1000 -> 6700 | U5: =Chimie_Tableau1!F5*1000 -> 140 | V5: =Chimie_Tableau1!G5*1000 -> 530 | W5: =Chimie_Tableau1!H5*1000 -> 330 | X5: =Chimie_Tableau1!I5*1000 -> 1110 | Y5: =Chimie_Tableau1!J5*1000 -> 1630 | Z5: Autoclaved 250 mL bottles pre-filled with N2, opened by scuba divers 10 cm above the discharge point | AA5: 1.5 L filtered on 0.22 um | AB5: 4 | AC5: less than 24 h
A6: MBWS | B6: 652676 | C6: hydrothermal vent metagenome | D6: MBWS - Hydrothermal fluid discharged at submarine venting zone B | E6: Hydrothermal fluid discharged at submarine venting zone B, Ain Kanassira coastal hydrothermal system (Korbous, Cap Bon), 16S rRNA gene V4 amplicon sequencing | F6: Korbous_AinKanassira_16S | G6: 2021-06-18 | H6: Tunisia | I6: Cap Bon, Korbous, Ain Kanassira | J6: 36.840678 | K6: 10.571339 | L6: 12 | M6: 0 | N6: marine biome | O6: hydrothermal vent | P6: hydrothermal fluid | Q6: =Chimie_Tableau1!B6 -> 39 | R6: =Chimie_Tableau1!C6 -> 7.12 | S6: =Chimie_Tableau1!D6*1000 -> 9850 | T6: =Chimie_Tableau1!E6*1000 -> 5410 | U6: =Chimie_Tableau1!F6*1000 -> 170 | V6: =Chimie_Tableau1!G6*1000 -> 520 | W6: =Chimie_Tableau1!H6*1000 -> 380 | X6: =Chimie_Tableau1!I6*1000 -> 1030 | Y6: =Chimie_Tableau1!J6*1000 -> 1860 | Z6: Autoclaved 250 mL bottles pre-filled with N2, opened by scuba divers 10 cm above the discharge point | AA6: 1.5 L filtered on 0.22 um | AB6: 4 | AC6: less than 24 h

Sheet Samples_sediment (ERC000021)
A1: sample_alias | B1: tax_id | C1: scientific_name | D1: sample_title | E1: sample_description | F1: project name | G1: collection date | H1: geographic location (country and/or sea) | I1: geographic location (region and locality) | J1: geographic location (latitude) | K1: geographic location (longitude) | L1: depth | M1: elevation | N1: broad-scale environmental context | O1: local environmental context | P1: environmental medium | Q1: temperature | R1: pH | S1: chloride | T1: sodium | U1: potassium | V1: magnesium | W1: calcium | X1: sulfate | Y1: sulfide | Z1: sample collection device | AA1: amount or size of sample collected | AB1: sample storage temperature | AC1: sample storage duration
A2: #units | J2: DD | K2: DD | L2: m | M2: m | Q2: ºC | S2: mg/L | T2: parts/million | U2: parts/million | V2: mg/L | W2: mg/L | X2: mg/L | Y2: µmol/L | AB2: ºC
A3: MSed | B3: 412755 | C3: marine sediment metagenome | D3: MSed - Surface sediment (0-5 cm), marine reference site | E3: Surface sediment (0-5 cm), marine reference site, Ain Kanassira coastal hydrothermal system (Korbous, Cap Bon), 16S rRNA gene V4 amplicon sequencing (pore water chemistry) | F3: Korbous_AinKanassira_16S | G3: 2021-06-18 | H3: Tunisia | I3: Cap Bon, Korbous, Ain Kanassira | J3: 36.840633 | K3: 10.571492 | L3: 0-0.05 | M3: 0 | N3: marine biome | O3: neritic zone | P3: marine sediment | Q3: =Chimie_Tableau1!B3 -> 19 | R3: =Chimie_Tableau1!C3 -> 8.07 | S3: =Chimie_Tableau1!D3*1000 -> 17830 | T3: =Chimie_Tableau1!E3*1000 -> 10400 | U3: =Chimie_Tableau1!F3*1000 -> 330 | V3: =Chimie_Tableau1!G3*1000 -> 1400 | W3: =Chimie_Tableau1!H3*1000 -> 430 | X3: =Chimie_Tableau1!I3*1000 -> 3050 | Y3: not detected | Z3: Sterile 50 mL tube pushed into freshly exposed sediment | AA3: three subsamples pooled after DNA extraction | AB3: 4 | AC3: less than 24 h
A4: MASed | B4: 412755 | C4: marine sediment metagenome | D4: MASed - Submarine venting zone A, surface sediment (0-5 cm) | E4: Submarine venting zone A, surface sediment (0-5 cm), Ain Kanassira coastal hydrothermal system (Korbous, Cap Bon), 16S rRNA gene V4 amplicon sequencing (pore water chemistry) | F4: Korbous_AinKanassira_16S | G4: 2021-06-18 | H4: Tunisia | I4: Cap Bon, Korbous, Ain Kanassira | J4: 36.840611 | K4: 10.571669 | L4: 0-0.05 | M4: 0 | N4: marine biome | O4: hydrothermal vent | P4: marine sediment | Q4: =Chimie_Tableau1!B7 -> 65 | R4: =Chimie_Tableau1!C7 -> 7.83 | S4: =Chimie_Tableau1!D7*1000 -> 17110 | T4: =Chimie_Tableau1!E7*1000 -> 8700 | U4: =Chimie_Tableau1!F7*1000 -> 320 | V4: =Chimie_Tableau1!G7*1000 -> 1070 | W4: =Chimie_Tableau1!H7*1000 -> 350 | X4: =Chimie_Tableau1!I7*1000 -> 2040 | Y4: =Chimie_Tableau1!J7*1000 -> 680 | Z4: Sterile 50 mL tube pushed into freshly exposed sediment | AA4: three subsamples pooled after DNA extraction | AB4: 4 | AC4: less than 24 h
A5: MA10 | B5: 412755 | C5: marine sediment metagenome | D5: MA10 - Submarine venting zone A, sediment at about 10 cm | E5: Submarine venting zone A, sediment at about 10 cm, Ain Kanassira coastal hydrothermal system (Korbous, Cap Bon), 16S rRNA gene V4 amplicon sequencing (pore water chemistry) | F5: Korbous_AinKanassira_16S | G5: 2021-06-18 | H5: Tunisia | I5: Cap Bon, Korbous, Ain Kanassira | J5: 36.840611 | K5: 10.571669 | L5: 0.1 | M5: 0 | N5: marine biome | O5: hydrothermal vent | P5: marine sediment | Q5: =Chimie_Tableau1!B8 -> 69 | R5: =Chimie_Tableau1!C8 -> 7.74 | S5: =Chimie_Tableau1!D8*1000 -> 14160 | T5: =Chimie_Tableau1!E8*1000 -> 7680 | U5: =Chimie_Tableau1!F8*1000 -> 220 | V5: =Chimie_Tableau1!G8*1000 -> 720 | W5: =Chimie_Tableau1!H8*1000 -> 450 | X5: =Chimie_Tableau1!I8*1000 -> 1320 | Y5: =Chimie_Tableau1!J8*1000 -> 980 | Z5: Sterile 50 mL tube pushed into freshly exposed sediment | AA5: three subsamples pooled after DNA extraction | AB5: 4 | AC5: less than 24 h
A6: MA40 | B6: 412755 | C6: marine sediment metagenome | D6: MA40 - Submarine venting zone A, sediment at about 40 cm | E6: Submarine venting zone A, sediment at about 40 cm, Ain Kanassira coastal hydrothermal system (Korbous, Cap Bon), 16S rRNA gene V4 amplicon sequencing (pore water chemistry) | F6: Korbous_AinKanassira_16S | G6: 2021-06-18 | H6: Tunisia | I6: Cap Bon, Korbous, Ain Kanassira | J6: 36.840611 | K6: 10.571669 | L6: 0.4 | M6: 0 | N6: marine biome | O6: hydrothermal vent | P6: marine sediment | Q6: =Chimie_Tableau1!B9 -> 76 | R6: =Chimie_Tableau1!C9 -> 7.42 | S6: =Chimie_Tableau1!D9*1000 -> 19210 | T6: =Chimie_Tableau1!E9*1000 -> 10400 | U6: =Chimie_Tableau1!F9*1000 -> 290 | V6: =Chimie_Tableau1!G9*1000 -> 1070 | W6: =Chimie_Tableau1!H9*1000 -> 390 | X6: =Chimie_Tableau1!I9*1000 -> 1160 | Y6: =Chimie_Tableau1!J9*1000 -> 1840 | Z6: Sterile 50 mL tube pushed into freshly exposed sediment | AA6: three subsamples pooled after DNA extraction | AB6: 4 | AC6: less than 24 h
A7: MBSed | B7: 412755 | C7: marine sediment metagenome | D7: MBSed - Submarine venting zone B, surface sediment (0-5 cm) | E7: Submarine venting zone B, surface sediment (0-5 cm), Ain Kanassira coastal hydrothermal system (Korbous, Cap Bon), 16S rRNA gene V4 amplicon sequencing (pore water chemistry) | F7: Korbous_AinKanassira_16S | G7: 2021-06-18 | H7: Tunisia | I7: Cap Bon, Korbous, Ain Kanassira | J7: 36.840678 | K7: 10.571339 | L7: 0-0.05 | M7: 0 | N7: marine biome | O7: hydrothermal vent | P7: marine sediment | Q7: =Chimie_Tableau1!B10 -> 43 | R7: =Chimie_Tableau1!C10 -> 7.87 | S7: =Chimie_Tableau1!D10*1000 -> 18200 | T7: =Chimie_Tableau1!E10*1000 -> 9630 | U7: =Chimie_Tableau1!F10*1000 -> 280 | V7: =Chimie_Tableau1!G10*1000 -> 1050 | W7: =Chimie_Tableau1!H10*1000 -> 370 | X7: =Chimie_Tableau1!I10*1000 -> 2280 | Y7: =Chimie_Tableau1!J10*1000 -> 430 | Z7: Sterile 50 mL tube pushed into freshly exposed sediment | AA7: three subsamples pooled after DNA extraction | AB7: 4 | AC7: less than 24 h
A8: MB10 | B8: 412755 | C8: marine sediment metagenome | D8: MB10 - Submarine venting zone B, sediment at about 10 cm | E8: Submarine venting zone B, sediment at about 10 cm, Ain Kanassira coastal hydrothermal system (Korbous, Cap Bon), 16S rRNA gene V4 amplicon sequencing (pore water chemistry) | F8: Korbous_AinKanassira_16S | G8: 2021-06-18 | H8: Tunisia | I8: Cap Bon, Korbous, Ain Kanassira | J8: 36.840678 | K8: 10.571339 | L8: 0.1 | M8: 0 | N8: marine biome | O8: hydrothermal vent | P8: marine sediment | Q8: =Chimie_Tableau1!B11 -> 46 | R8: =Chimie_Tableau1!C11 -> 7.62 | S8: =Chimie_Tableau1!D11*1000 -> 16100 | T8: =Chimie_Tableau1!E11*1000 -> 8300 | U8: =Chimie_Tableau1!F11*1000 -> 300 | V8: =Chimie_Tableau1!G11*1000 -> 930 | W8: =Chimie_Tableau1!H11*1000 -> 410 | X8: =Chimie_Tableau1!I11*1000 -> 2050 | Y8: =Chimie_Tableau1!J11*1000 -> 1750 | Z8: Sterile 50 mL tube pushed into freshly exposed sediment | AA8: three subsamples pooled after DNA extraction | AB8: 4 | AC8: less than 24 h
A9: MB40 | B9: 412755 | C9: marine sediment metagenome | D9: MB40 - Submarine venting zone B, sediment at about 40 cm | E9: Submarine venting zone B, sediment at about 40 cm, Ain Kanassira coastal hydrothermal system (Korbous, Cap Bon), 16S rRNA gene V4 amplicon sequencing (pore water chemistry) | F9: Korbous_AinKanassira_16S | G9: 2021-06-18 | H9: Tunisia | I9: Cap Bon, Korbous, Ain Kanassira | J9: 36.840678 | K9: 10.571339 | L9: 0.4 | M9: 0 | N9: marine biome | O9: hydrothermal vent | P9: marine sediment | Q9: =Chimie_Tableau1!B12 -> 51 | R9: =Chimie_Tableau1!C12 -> 7.32 | S9: =Chimie_Tableau1!D12*1000 -> 19030 | T9: =Chimie_Tableau1!E12*1000 -> 10190 | U9: =Chimie_Tableau1!F12*1000 -> 300 | V9: =Chimie_Tableau1!G12*1000 -> 790 | W9: =Chimie_Tableau1!H12*1000 -> 380 | X9: =Chimie_Tableau1!I12*1000 -> 1190 | Y9: =Chimie_Tableau1!J12*1000 -> 1890 | Z9: Sterile 50 mL tube pushed into freshly exposed sediment | AA9: three subsamples pooled after DNA extraction | AB9: 4 | AC9: less than 24 h
A10: TSed1 | B10: 749907 | C10: sediment metagenome | D10: TSed1 - Terrestrial thermal spring, surface sediment (0-5 cm) at the spring outflow | E10: Terrestrial thermal spring, surface sediment (0-5 cm) at the spring outflow, Ain Kanassira coastal hydrothermal system (Korbous, Cap Bon), 16S rRNA gene V4 amplicon sequencing (pore water chemistry) | F10: Korbous_AinKanassira_16S | G10: 2021-06-18 | H10: Tunisia | I10: Cap Bon, Korbous, Ain Kanassira | J10: 36.840483 | K10: 10.572539 | L10: 0-0.05 | M10: 5 | N10: terrestrial biome | O10: hot spring | P10: sediment | Q10: =Chimie_Tableau1!B13 -> 41 | R10: =Chimie_Tableau1!C13 -> 7.73 | S10: =Chimie_Tableau1!D13*1000 -> 8960 | T10: =Chimie_Tableau1!E13*1000 -> 4830 | U10: =Chimie_Tableau1!F13*1000 -> 100 | V10: =Chimie_Tableau1!G13*1000 -> 380 | W10: =Chimie_Tableau1!H13*1000 -> 430 | X10: =Chimie_Tableau1!I13*1000 -> 1850 | Y10: =Chimie_Tableau1!J13*1000 -> 2830 | Z10: Sterile 50 mL tube pushed into freshly exposed sediment | AA10: three subsamples pooled after DNA extraction | AB10: 4 | AC10: less than 24 h
A11: TSed2 | B11: 749907 | C11: sediment metagenome | D11: TSed2 - Terrestrial thermal spring, surface sediment (0-5 cm) of the spring-fed basin, 5 m downstream | E11: Terrestrial thermal spring, surface sediment (0-5 cm) of the spring-fed basin, 5 m downstream, Ain Kanassira coastal hydrothermal system (Korbous, Cap Bon), 16S rRNA gene V4 amplicon sequencing (pore water chemistry) | F11: Korbous_AinKanassira_16S | G11: 2021-06-18 | H11: Tunisia | I11: Cap Bon, Korbous, Ain Kanassira | J11: 36.840483 | K11: 10.572539 | L11: 0-0.05 | M11: 5 | N11: terrestrial biome | O11: hot spring | P11: sediment | Q11: =Chimie_Tableau1!B14 -> 34 | R11: =Chimie_Tableau1!C14 -> 7.68 | S11: =Chimie_Tableau1!D14*1000 -> 8340 | T11: =Chimie_Tableau1!E14*1000 -> 4380 | U11: =Chimie_Tableau1!F14*1000 -> 270 | V11: =Chimie_Tableau1!G14*1000 -> 400 | W11: =Chimie_Tableau1!H14*1000 -> 410 | X11: =Chimie_Tableau1!I14*1000 -> 1310 | Y11: =Chimie_Tableau1!J14*1000 -> 3090 | Z11: Sterile 50 mL tube pushed into freshly exposed sediment | AA11: three subsamples pooled after DNA extraction | AB11: 4 | AC11: less than 24 h
A12: T10 | B12: 749907 | C12: sediment metagenome | D12: T10 - Terrestrial thermal spring, sediment at about 10 cm | E12: Terrestrial thermal spring, sediment at about 10 cm, Ain Kanassira coastal hydrothermal system (Korbous, Cap Bon), 16S rRNA gene V4 amplicon sequencing (pore water chemistry) | F12: Korbous_AinKanassira_16S | G12: 2021-06-18 | H12: Tunisia | I12: Cap Bon, Korbous, Ain Kanassira | J12: 36.840483 | K12: 10.572539 | L12: 0.1 | M12: 5 | N12: terrestrial biome | O12: hot spring | P12: sediment | Q12: =Chimie_Tableau1!B15 -> 43 | R12: =Chimie_Tableau1!C15 -> 7.85 | S12: =Chimie_Tableau1!D15*1000 -> 8510 | T12: =Chimie_Tableau1!E15*1000 -> 4780 | U12: =Chimie_Tableau1!F15*1000 -> 260 | V12: =Chimie_Tableau1!G15*1000 -> 330 | W12: =Chimie_Tableau1!H15*1000 -> 480 | X12: =Chimie_Tableau1!I15*1000 -> 1110 | Y12: =Chimie_Tableau1!J15*1000 -> 4090 | Z12: Sterile 50 mL tube pushed into freshly exposed sediment | AA12: three subsamples pooled after DNA extraction | AB12: 4 | AC12: less than 24 h
A13: T40 | B13: 749907 | C13: sediment metagenome | D13: T40 - Terrestrial thermal spring, sediment at about 40 cm | E13: Terrestrial thermal spring, sediment at about 40 cm, Ain Kanassira coastal hydrothermal system (Korbous, Cap Bon), 16S rRNA gene V4 amplicon sequencing (pore water chemistry) | F13: Korbous_AinKanassira_16S | G13: 2021-06-18 | H13: Tunisia | I13: Cap Bon, Korbous, Ain Kanassira | J13: 36.840483 | K13: 10.572539 | L13: 0.4 | M13: 5 | N13: terrestrial biome | O13: hot spring | P13: sediment | Q13: =Chimie_Tableau1!B16 -> 43 | R13: =Chimie_Tableau1!C16 -> 7.65 | S13: =Chimie_Tableau1!D16*1000 -> 9520 | T13: =Chimie_Tableau1!E16*1000 -> 5120 | U13: =Chimie_Tableau1!F16*1000 -> 290 | V13: =Chimie_Tableau1!G16*1000 -> 220 | W13: =Chimie_Tableau1!H16*1000 -> 430 | X13: =Chimie_Tableau1!I16*1000 -> 1150 | Y13: =Chimie_Tableau1!J16*1000 -> 4870 | Z13: Sterile 50 mL tube pushed into freshly exposed sediment | AA13: three subsamples pooled after DNA extraction | AB13: 4 | AC13: less than 24 h

Sheet Runs
A1: sample_alias | B1: instrument_model | C1: library_name | D1: library_source | E1: library_selection | F1: library_strategy | G1: library_layout | H1: insert_size | I1: library_construction_protocol | J1: forward_file_name | K1: forward_file_md5 | L1: reverse_file_name | M1: reverse_file_md5
A2: MWC | B2: Illumina MiSeq | C2: MWC_16S_V4 | D2: METAGENOMIC | E2: PCR | F2: AMPLICON | G2: PAIRED | H2: 291 | I2: 16S rRNA gene V4, primers 515F-Y (Parada et al. 2016) and 806R-B (Apprill et al. 2015), PrimeSTAR GXL, two-step PCR (no product in 25 cycles; 5 cycles, then 1 uL transferred into a fresh mix for 20 cycles); Illumina MiSeq 2 x 250 bp, GeT-PlaGe (Toulouse) | J2: MWC_GGTCAC-JM4Y5_L001_R1.fastq.gz | K2: 6db0beafb04437c8211e52da1df2a496 | L2: MWC_GGTCAC-JM4Y5_L001_R2.fastq.gz | M2: 241493fbc3441e76605d39bb0ed43f67
A3: MSed | B3: Illumina MiSeq | C3: MSed_16S_V4 | D3: METAGENOMIC | E3: PCR | F3: AMPLICON | G3: PAIRED | H3: 291 | I3: 16S rRNA gene V4, primers 515F-Y (Parada et al. 2016) and 806R-B (Apprill et al. 2015), PrimeSTAR GXL, 25 cycles; Illumina MiSeq 2 x 250 bp, GeT-PlaGe (Toulouse) | J3: MSed_ACCCCC-JM4Y5_L001_R1.fastq.gz | K3: 430f8cd4f0220f2069b344274146b085 | L3: MSed_ACCCCC-JM4Y5_L001_R2.fastq.gz | M3: 03a1c0ba1bab856b9c6426b31f63b11b
A4: TWS | B4: Illumina MiSeq | C4: TWS_16S_V4 | D4: METAGENOMIC | E4: PCR | F4: AMPLICON | G4: PAIRED | H4: 291 | I4: 16S rRNA gene V4, primers 515F-Y (Parada et al. 2016) and 806R-B (Apprill et al. 2015), PrimeSTAR GXL, 25 cycles; Illumina MiSeq 2 x 250 bp, GeT-PlaGe (Toulouse) | J4: TWS_CGTCGC-JM4Y5_L001_R1.fastq.gz | K4: ee12044b2314229c05ccb54fdfa2956f | L4: TWS_CGTCGC-JM4Y5_L001_R2.fastq.gz | M4: 51ed2e96d930d88497831e5736e5d100
A5: MAWS | B5: Illumina MiSeq | C5: MAWS_16S_V4 | D5: METAGENOMIC | E5: PCR | F5: AMPLICON | G5: PAIRED | H5: 291 | I5: 16S rRNA gene V4, primers 515F-Y (Parada et al. 2016) and 806R-B (Apprill et al. 2015), PrimeSTAR GXL, 25 cycles; Illumina MiSeq 2 x 250 bp, GeT-PlaGe (Toulouse) | J5: MAWS_GGACTT-JM4Y5_L001_R1.fastq.gz | K5: 8688c56151671c899055d847aa14a1cd | L5: MAWS_GGACTT-JM4Y5_L001_R2.fastq.gz | M5: c167125493eb58af2538d63271e6597f
A6: MBWS | B6: Illumina MiSeq | C6: MBWS_16S_V4 | D6: METAGENOMIC | E6: PCR | F6: AMPLICON | G6: PAIRED | H6: 291 | I6: 16S rRNA gene V4, primers 515F-Y (Parada et al. 2016) and 806R-B (Apprill et al. 2015), PrimeSTAR GXL, 25 cycles; Illumina MiSeq 2 x 250 bp, GeT-PlaGe (Toulouse) | J6: MBWS_ACTTTT-JM4Y5_L001_R1.fastq.gz | K6: 126bc01a8312b5736cd43ccd0dde6c92 | L6: MBWS_ACTTTT-JM4Y5_L001_R2.fastq.gz | M6: 1982c74057d4fd12faa8dc6a6fdd96d6
A7: MASed | B7: Illumina MiSeq | C7: MASed_16S_V4 | D7: METAGENOMIC | E7: PCR | F7: AMPLICON | G7: PAIRED | H7: 291 | I7: 16S rRNA gene V4, primers 515F-Y (Parada et al. 2016) and 806R-B (Apprill et al. 2015), PrimeSTAR GXL, 25 cycles; Illumina MiSeq 2 x 250 bp, GeT-PlaGe (Toulouse) | J7: MASed_GGCCAA-JM4Y5_L001_R1.fastq.gz | K7: 8f577696f3c2f985b6bbdd04fc0f41b3 | L7: MASed_GGCCAA-JM4Y5_L001_R2.fastq.gz | M7: 920a3e2758592c371c52e7eccf79a975
A8: MA10 | B8: Illumina MiSeq | C8: MA10_16S_V4 | D8: METAGENOMIC | E8: PCR | F8: AMPLICON | G8: PAIRED | H8: 291 | I8: 16S rRNA gene V4, primers 515F-Y (Parada et al. 2016) and 806R-B (Apprill et al. 2015), PrimeSTAR GXL, 25 cycles; Illumina MiSeq 2 x 250 bp, GeT-PlaGe (Toulouse) | J8: MA10_ATGTCA-JM4Y5_L001_R1.fastq.gz | K8: 034b7ebc0ef055095c1dbc8699cb09a4 | L8: MA10_ATGTCA-JM4Y5_L001_R2.fastq.gz | M8: 3723779ff16129c01cd9505954531b07
A9: MA40 | B9: Illumina MiSeq | C9: MA40_16S_V4 | D9: METAGENOMIC | E9: PCR | F9: AMPLICON | G9: PAIRED | H9: 291 | I9: 16S rRNA gene V4, primers 515F-Y (Parada et al. 2016) and 806R-B (Apprill et al. 2015), PrimeSTAR GXL, 25 cycles; Illumina MiSeq 2 x 250 bp, GeT-PlaGe (Toulouse) | J9: MA40_TGTGCC-JM4Y5_L001_R1.fastq.gz | K9: 0a2bff3c409526eca416969e31001a2e | L9: MA40_TGTGCC-JM4Y5_L001_R2.fastq.gz | M9: 87ab1098cce037038b2a640197890717
A10: MBSed | B10: Illumina MiSeq | C10: MBSed_16S_V4 | D10: METAGENOMIC | E10: PCR | F10: AMPLICON | G10: PAIRED | H10: 291 | I10: 16S rRNA gene V4, primers 515F-Y (Parada et al. 2016) and 806R-B (Apprill et al. 2015), PrimeSTAR GXL, 25 cycles; Illumina MiSeq 2 x 250 bp, GeT-PlaGe (Toulouse) | J10: MBSed_GACAGT-JM4Y5_L001_R1.fastq.gz | K10: 1a3295b63c513e357de65c99f6952906 | L10: MBSed_GACAGT-JM4Y5_L001_R2.fastq.gz | M10: 3fe2bb0fc4a9fabcb77e7ffc542b476e
A11: MB10 | B11: Illumina MiSeq | C11: MB10_16S_V4 | D11: METAGENOMIC | E11: PCR | F11: AMPLICON | G11: PAIRED | H11: 291 | I11: 16S rRNA gene V4, primers 515F-Y (Parada et al. 2016) and 806R-B (Apprill et al. 2015), PrimeSTAR GXL, 25 cycles; Illumina MiSeq 2 x 250 bp, GeT-PlaGe (Toulouse) | J11: MB10_ACCAGG-JM4Y5_L001_R1.fastq.gz | K11: 623fbce5fd481bd90c9ca97f10e9e612 | L11: MB10_ACCAGG-JM4Y5_L001_R2.fastq.gz | M11: 8e9f24dfd0c08ecb932ba209bb123579
A12: MB40 | B12: Illumina MiSeq | C12: MB40_16S_V4 | D12: METAGENOMIC | E12: PCR | F12: AMPLICON | G12: PAIRED | H12: 291 | I12: 16S rRNA gene V4, primers 515F-Y (Parada et al. 2016) and 806R-B (Apprill et al. 2015), PrimeSTAR GXL, 25 cycles; Illumina MiSeq 2 x 250 bp, GeT-PlaGe (Toulouse) | J12: MB40_GCAGCT-JM4Y5_L001_R1.fastq.gz | K12: b8d6e1b4cf930407421f88f6ec336802 | L12: MB40_GCAGCT-JM4Y5_L001_R2.fastq.gz | M12: f2af960ee2af00c71512177e0e1a9bad
A13: TSed1 | B13: Illumina MiSeq | C13: TSed1_16S_V4 | D13: METAGENOMIC | E13: PCR | F13: AMPLICON | G13: PAIRED | H13: 291 | I13: 16S rRNA gene V4, primers 515F-Y (Parada et al. 2016) and 806R-B (Apprill et al. 2015), PrimeSTAR GXL, 25 cycles; Illumina MiSeq 2 x 250 bp, GeT-PlaGe (Toulouse) | J13: TSed1_CCCGGC-JM4Y5_L001_R1.fastq.gz | K13: 328ad369a9987bb405f319fbace34c99 | L13: TSed1_CCCGGC-JM4Y5_L001_R2.fastq.gz | M13: 9461dd09502194a7949767d77eb1ab9e
... A16: T40 | B16: Illumina MiSeq | C16: T40_16S_V4 | D16: METAGENOMIC | E16: PCR | F16: AMPLICON | G16: PAIRED | H16: 291 | I16: 16S rRNA gene V4, primers 515F-Y (Parada et al. 2016) and 806R-B (Apprill et al. 2015), PrimeSTAR GXL, 25 cycles; Illumina MiSeq 2 x 250 bp, GeT-PlaGe (Toulouse) | J16: T40_GTGTTT-JM4Y5_L001_R1.fastq.gz | K16: 57f820f97eb01c6b4b268f2e655c3df1 | L16: T40_GTGTTT-JM4Y5_L001_R2.fastq.gz | M16: e8d8e1aa994895777d0fbb7d0d8188e9
A18: Déposer les FASTQ du dossier Korbous_RawData (la copie de MBWS dans New_ARB/Rawdata est corrompue). MWC : la PCR en deux étapes (5 + 20 cycles) est indiquée dans son protocole de librairie.
